quarter,total_ml
Q3,1.843179
Q4,1.700392
Q2,1.638874
Q1,1.483332
