city,ir,
Bengaluru,39.469251,39.47
Chennai,31.652519,31.65
Hyderabad,23.58432,23.58
Mysuru,14.380109,14.38
Coimbatore,14.10092,14.1
Madurai,12.732179,12.73
Visakhapatnam,11.253863,11.25
Mangalore,5.149555,5.15
Vijayawada,4.183827,4.18
Trivandrum,3.619388,3.62
