district,total_investment
Rangareddy,42706.33200000004
Sangareddy,12366.755599999997
Medchal_Malkajgiri,10394.560999999996
